-- phpMyAdmin SQL Dump
-- version 5.1.1
-- https://www.phpmyadmin.net/
--
-- Хост: 127.0.0.1
-- Час створення: Жов 18 2021 р., 17:52
-- Версія сервера: 10.4.19-MariaDB
-- Версія PHP: 8.0.7

SET SQL_MODE = "NO_AUTO_VALUE_ON_ZERO";
START TRANSACTION;
SET time_zone = "+00:00";


/*!40101 SET @OLD_CHARACTER_SET_CLIENT=@@CHARACTER_SET_CLIENT */;
/*!40101 SET @OLD_CHARACTER_SET_RESULTS=@@CHARACTER_SET_RESULTS */;
/*!40101 SET @OLD_COLLATION_CONNECTION=@@COLLATION_CONNECTION */;
/*!40101 SET NAMES utf8mb4 */;

--
-- База даних: `minimoDb`
--


CREATE DATABASE `minimoDb`;

-- --------------------------------------------------------

--
-- Структура таблиці `categories`
--

CREATE TABLE `categories` (
  `id_category` int(11) NOT NULL,
  `name` varchar(256) NOT NULL
) ENGINE=InnoDB DEFAULT CHARSET=utf8mb4;

--
-- Дамп даних таблиці `categories`
--

INSERT INTO `categories` (`id_category`, `name`) VALUES
(10, 'lifestyle'),
(11, 'art'),
(14, 'photodiary');

-- --------------------------------------------------------

--
-- Структура таблиці `comments`
--

CREATE TABLE `comments` (
  `id_comment` int(10) UNSIGNED NOT NULL,
  `id_user` int(10) UNSIGNED NOT NULL,
  `id_article` int(10) UNSIGNED NOT NULL,
  `text` text NOT NULL,
  `username` varchar(128) NOT NULL,
  `dt_add` timestamp NOT NULL DEFAULT current_timestamp()
) ENGINE=InnoDB DEFAULT CHARSET=utf8mb4;

-- --------------------------------------------------------

--
-- Структура таблиці `emails`
--

CREATE TABLE `emails` (
  `email` varchar(128) NOT NULL
) ENGINE=InnoDB DEFAULT CHARSET=utf8mb4;

--
-- Дамп даних таблиці `emails`
--

INSERT INTO `emails` (`email`) VALUES
('vasyatopalo@gmail.com');

-- --------------------------------------------------------

--
-- Структура таблиці `messages`
--

CREATE TABLE `messages` (
  `id_message` int(11) NOT NULL,
  `id_category` int(11) NOT NULL,
  `title` varchar(256) NOT NULL,
  `first_text` text NOT NULL,
  `second_text` text NOT NULL,
  `main_image` varchar(256) NOT NULL,
  `second_image` varchar(256) NOT NULL,
  `dt_add` timestamp NOT NULL DEFAULT current_timestamp() ON UPDATE current_timestamp()
) ENGINE=InnoDB DEFAULT CHARSET=utf8mb4;

--
-- Дамп даних таблиці `messages`
--

INSERT INTO `messages` (`id_message`, `id_category`, `title`, `first_text`, `second_text`, `main_image`, `second_image`, `dt_add`) VALUES
(80, 14, 'Title 1', 'Cras eget aliquet felis, eget aliquet libero. Vestibulum ante ipsum primis in faucibus orci luctus et ultrices posuere cubilia curae; Suspendisse sit amet lorem luctus, congue turpis sit amet, malesuada ligula. Sed finibus purus velit, eget dapibus risus vulputate eu. Quisque bibendum tempor risus nec faucibus. Cras pulvinar velit a ante semper, pellentesque tincidunt ante ultrices. Sed ultrices blandit mattis. Vestibulum eget fringilla elit.\r\n\r\nDonec lacus libero, volutpat nec cursus ac, faucibus rutrum neque. Nulla tincidunt ornare faucibus. Integer fringilla eros eget felis consequat mattis. Aenean a nunc tristique, congue purus sed, fringilla metus. Vivamus consequat magna ut consectetur dictum. Duis eget orci ante. Praesent nec dolor nec neque fringilla malesuada ac ac elit. In dui enim, iaculis a felis rutrum, commodo pretium elit. Nulla posuere auctor dolor, et pretium arcu auctor in. Morbi condimentum vestibulum urna, quis fermentum augue pretium eu.', 'Lorem ipsum dolor sit amet, consectetur adipiscing elit. Nulla rutrum scelerisque mattis. Nullam mattis nec justo sed faucibus. Aliquam sodales faucibus metus eget dictum. Nulla aliquet, ipsum vitae vehicula finibus, mauris sapien hendrerit nulla, quis convallis felis ex sit amet eros. Maecenas mattis nisi vel massa vulputate accumsan. Quisque ut nulla nunc. Nulla leo justo, sollicitudin vel quam eu, bibendum efficitur orci. Praesent gravida, metus a ullamcorper venenatis, neque est tempor metus, a ultricies sapien ex a turpis. Nulla pharetra sem metus, id consectetur elit sodales ac. Nam ac libero id orci rutrum tristique.', 'assets/images/890976.jpg', 'assets/images/576571.jpg', '2021-10-18 14:32:46'),
(81, 11, 'Title 2', 'Lorem ipsum dolor sit amet, consectetur adipiscing elit. Nulla rutrum scelerisque mattis. Nullam mattis nec justo sed faucibus. Aliquam sodales faucibus metus eget dictum. Nulla aliquet, ipsum vitae vehicula finibus, mauris sapien hendrerit nulla, quis convallis felis ex sit amet eros. Maecenas mattis nisi vel massa vulputate accumsan. Quisque ut nulla nunc. Nulla leo justo, sollicitudin vel quam eu, bibendum efficitur orci. Praesent gravida, metus a ullamcorper venenatis, neque est tempor metus, a ultricies sapien ex a turpis. Nulla pharetra sem metus, id consectetur elit sodales ac. Nam ac libero id orci rutrum tristique.\r\n\r\nCras eget aliquet felis, eget aliquet libero. Vestibulum ante ipsum primis in faucibus orci luctus et ultrices posuere cubilia curae; Suspendisse sit amet lorem luctus, congue turpis sit amet, malesuada ligula. Sed finibus purus velit, eget dapibus risus vulputate eu. Quisque bibendum tempor risus nec faucibus. Cras pulvinar velit a ante semper, pellentesque tincidunt ante ultrices. Sed ultrices blandit mattis. Vestibulum eget fringilla elit.\r\n\r\nDonec lacus libero, volutpat nec cursus ac, faucibus rutrum neque. Nulla tincidunt ornare faucibus. Integer fringilla eros eget felis consequat mattis. Aenean a nunc tristique, congue purus sed, fringilla metus. Vivamus consequat magna ut consectetur dictum. Duis eget orci ante. Praesent nec dolor nec neque fringilla malesuada ac ac elit. In dui enim, iaculis a felis rutrum, commodo pretium elit. Nulla posuere auctor dolor, et pretium arcu auctor in. Morbi condimentum vestibulum urna, quis fermentum augue pretium eu.', 'Donec lacus libero, volutpat nec cursus ac, faucibus rutrum neque. Nulla tincidunt ornare faucibus. Integer fringilla eros eget felis consequat mattis. Aenean a nunc tristique, congue purus sed, fringilla metus. Vivamus consequat magna ut consectetur dictum. Duis eget orci ante. Praesent nec dolor nec neque fringilla malesuada ac ac elit. In dui enim, iaculis a felis rutrum, commodo pretium elit. Nulla posuere auctor dolor, et pretium arcu auctor in. Morbi condimentum vestibulum urna, quis fermentum augue pretium eu.', 'assets/images/62655.jpg', 'assets/images/660388.jpg', '2021-10-18 14:33:18'),
(82, 11, 'Title 3', 'Lorem ipsum dolor sit amet, consectetur adipiscing elit. Nulla rutrum scelerisque mattis. Nullam mattis nec justo sed faucibus. Aliquam sodales faucibus metus eget dictum. Nulla aliquet, ipsum vitae vehicula finibus, mauris sapien hendrerit nulla, quis convallis felis ex sit amet eros. Maecenas mattis nisi vel massa vulputate accumsan. Quisque ut nulla nunc. Nulla leo justo, sollicitudin vel quam eu, bibendum efficitur orci. Praesent gravida, metus a ullamcorper venenatis, neque est tempor metus, a ultricies sapien ex a turpis. Nulla pharetra sem metus, id consectetur elit sodales ac. Nam ac libero id orci rutrum tristique.\r\n\r\nCras eget aliquet felis, eget aliquet libero. Vestibulum ante ipsum primis in faucibus orci luctus et ultrices posuere cubilia curae; Suspendisse sit amet lorem luctus, congue turpis sit amet, malesuada ligula. Sed finibus purus velit, eget dapibus risus vulputate eu. Quisque bibendum tempor risus nec faucibus. Cras pulvinar velit a ante semper, pellentesque tincidunt ante ultrices. Sed ultrices blandit mattis. Vestibulum eget fringilla elit.\r\n\r\nDonec lacus libero, volutpat nec cursus ac, faucibus rutrum neque. Nulla tincidunt ornare faucibus. Integer fringilla eros eget felis consequat mattis. Aenean a nunc tristique, congue purus sed, fringilla metus. Vivamus consequat magna ut consectetur dictum. Duis eget orci ante. Praesent nec dolor nec neque fringilla malesuada ac ac elit. In dui enim, iaculis a felis rutrum, commodo pretium elit. Nulla posuere auctor dolor, et pretium arcu auctor in. Morbi condimentum vestibulum urna, quis fermentum augue pretium eu.', 'Cras eget aliquet felis, eget aliquet libero. Vestibulum ante ipsum primis in faucibus orci luctus et ultrices posuere cubilia curae; Suspendisse sit amet lorem luctus, congue turpis sit amet, malesuada ligula. Sed finibus purus velit, eget dapibus risus vulputate eu. Quisque bibendum tempor risus nec faucibus. Cras pulvinar velit a ante semper, pellentesque tincidunt ante ultrices. Sed ultrices blandit mattis. Vestibulum eget fringilla elit.', 'assets/images/912854.jpg', 'assets/images/444194.jpg', '2021-10-18 14:33:47'),
(83, 14, 'Title 4', 'Lorem ipsum dolor sit amet, consectetur adipiscing elit. Nulla rutrum scelerisque mattis. Nullam mattis nec justo sed faucibus. Aliquam sodales faucibus metus eget dictum. Nulla aliquet, ipsum vitae vehicula finibus, mauris sapien hendrerit nulla, quis convallis felis ex sit amet eros. Maecenas mattis nisi vel massa vulputate accumsan. Quisque ut nulla nunc. Nulla leo justo, sollicitudin vel quam eu, bibendum efficitur orci. Praesent gravida, metus a ullamcorper venenatis, neque est tempor metus, a ultricies sapien ex a turpis. Nulla pharetra sem metus, id consectetur elit sodales ac. Nam ac libero id orci rutrum tristique.\r\n\r\nCras eget aliquet felis, eget aliquet libero. Vestibulum ante ipsum primis in faucibus orci luctus et ultrices posuere cubilia curae; Suspendisse sit amet lorem luctus, congue turpis sit amet, malesuada ligula. Sed finibus purus velit, eget dapibus risus vulputate eu. Quisque bibendum tempor risus nec faucibus. Cras pulvinar velit a ante semper, pellentesque tincidunt ante ultrices. Sed ultrices blandit mattis. Vestibulum eget fringilla elit.\r\n\r\nDonec lacus libero, volutpat nec cursus ac, faucibus rutrum neque. Nulla tincidunt ornare faucibus. Integer fringilla eros eget felis consequat mattis. Aenean a nunc tristique, congue purus sed, fringilla metus. Vivamus consequat magna ut consectetur dictum. Duis eget orci ante. Praesent nec dolor nec neque fringilla malesuada ac ac elit. In dui enim, iaculis a felis rutrum, commodo pretium elit. Nulla posuere auctor dolor, et pretium arcu auctor in. Morbi condimentum vestibulum urna, quis fermentum augue pretium eu.', 'Lorem ipsum dolor sit amet, consectetur adipiscing elit. Nulla rutrum scelerisque mattis. Nullam mattis nec justo sed faucibus. Aliquam sodales faucibus metus eget dictum. Nulla aliquet, ipsum vitae vehicula finibus, mauris sapien hendrerit nulla, quis convallis felis ex sit amet eros. Maecenas mattis nisi vel massa vulputate accumsan. Quisque ut nulla nunc. Nulla leo justo, sollicitudin vel quam eu, bibendum efficitur orci. Praesent gravida, metus a ullamcorper venenatis, neque est tempor metus, a ultricies sapien ex a turpis. Nulla pharetra sem metus, id consectetur elit sodales ac. Nam ac libero id orci rutrum tristique.\r\n\r\nCras eget aliquet felis, eget aliquet libero. Vestibulum ante ipsum primis in faucibus orci luctus et ultrices posuere cubilia curae; Suspendisse sit amet lorem luctus, congue turpis sit amet, malesuada ligula. Sed finibus purus velit, eget dapibus risus vulputate eu. Quisque bibendum tempor risus nec faucibus. Cras pulvinar velit a ante semper, pellentesque tincidunt ante ultrices. Sed ultrices blandit mattis. Vestibulum eget fringilla elit.\r\n\r\nDonec lacus libero, volutpat nec cursus ac, faucibus rutrum neque. Nulla tincidunt ornare faucibus. Integer fringilla eros eget felis consequat mattis. Aenean a nunc tristique, congue purus sed, fringilla metus. Vivamus consequat magna ut consectetur dictum. Duis eget orci ante. Praesent nec dolor nec neque fringilla malesuada ac ac elit. In dui enim, iaculis a felis rutrum, commodo pretium elit. Nulla posuere auctor dolor, et pretium arcu auctor in. Morbi condimentum vestibulum urna, quis fermentum augue pretium eu.', 'assets/images/425283.jpg', 'assets/images/83522.jpg', '2021-10-18 14:34:09'),
(84, 10, 'Title 5', 'Lorem ipsum dolor sit amet, consectetur adipiscing elit. Nulla rutrum scelerisque mattis. Nullam mattis nec justo sed faucibus. Aliquam sodales faucibus metus eget dictum. Nulla aliquet, ipsum vitae vehicula finibus, mauris sapien hendrerit nulla, quis convallis felis ex sit amet eros. Maecenas mattis nisi vel massa vulputate accumsan. Quisque ut nulla nunc. Nulla leo justo, sollicitudin vel quam eu, bibendum efficitur orci. Praesent gravida, metus a ullamcorper venenatis, neque est tempor metus, a ultricies sapien ex a turpis. Nulla pharetra sem metus, id consectetur elit sodales ac. Nam ac libero id orci rutrum tristique.\r\n\r\nCras eget aliquet felis, eget aliquet libero. Vestibulum ante ipsum primis in faucibus orci luctus et ultrices posuere cubilia curae; Suspendisse sit amet lorem luctus, congue turpis sit amet, malesuada ligula. Sed finibus purus velit, eget dapibus risus vulputate eu. Quisque bibendum tempor risus nec faucibus. Cras pulvinar velit a ante semper, pellentesque tincidunt ante ultrices. Sed ultrices blandit mattis. Vestibulum eget fringilla elit.\r\n\r\nDonec lacus libero, volutpat nec cursus ac, faucibus rutrum neque. Nulla tincidunt ornare faucibus. Integer fringilla eros eget felis consequat mattis. Aenean a nunc tristique, congue purus sed, fringilla metus. Vivamus consequat magna ut consectetur dictum. Duis eget orci ante. Praesent nec dolor nec neque fringilla malesuada ac ac elit. In dui enim, iaculis a felis rutrum, commodo pretium elit. Nulla posuere auctor dolor, et pretium arcu auctor in. Morbi condimentum vestibulum urna, quis fermentum augue pretium eu.', 'Lorem ipsum dolor sit amet, consectetur adipiscing elit. Nulla rutrum scelerisque mattis. Nullam mattis nec justo sed faucibus. Aliquam sodales faucibus metus eget dictum. Nulla aliquet, ipsum vitae vehicula finibus, mauris sapien hendrerit nulla, quis convallis felis ex sit amet eros. Maecenas mattis nisi vel massa vulputate accumsan. Quisque ut nulla nunc. Nulla leo justo, sollicitudin vel quam eu, bibendum efficitur orci. Praesent gravida, metus a ullamcorper venenatis, neque est tempor metus, a ultricies sapien ex a turpis. Nulla pharetra sem metus, id consectetur elit sodales ac. Nam ac libero id orci rutrum tristique.\r\n\r\nCras eget aliquet felis, eget aliquet libero. Vestibulum ante ipsum primis in faucibus orci luctus et ultrices posuere cubilia curae; Suspendisse sit amet lorem luctus, congue turpis sit amet, malesuada ligula. Sed finibus purus velit, eget dapibus risus vulputate eu. Quisque bibendum tempor risus nec faucibus. Cras pulvinar velit a ante semper, pellentesque tincidunt ante ultrices. Sed ultrices blandit mattis. Vestibulum eget fringilla elit.\r\n\r\nDonec lacus libero, volutpat nec cursus ac, faucibus rutrum neque. Nulla tincidunt ornare faucibus. Integer fringilla eros eget felis consequat mattis. Aenean a nunc tristique, congue purus sed, fringilla metus. Vivamus consequat magna ut consectetur dictum. Duis eget orci ante. Praesent nec dolor nec neque fringilla malesuada ac ac elit. In dui enim, iaculis a felis rutrum, commodo pretium elit. Nulla posuere auctor dolor, et pretium arcu auctor in. Morbi condimentum vestibulum urna, quis fermentum augue pretium eu.', 'assets/images/514335.jpg', 'assets/images/538857.jpg', '2021-10-18 14:34:26'),
(85, 11, 'Title 6', 'Lorem ipsum dolor sit amet, consectetur adipiscing elit. Nulla rutrum scelerisque mattis. Nullam mattis nec justo sed faucibus. Aliquam sodales faucibus metus eget dictum. Nulla aliquet, ipsum vitae vehicula finibus, mauris sapien hendrerit nulla, quis convallis felis ex sit amet eros. Maecenas mattis nisi vel massa vulputate accumsan. Quisque ut nulla nunc. Nulla leo justo, sollicitudin vel quam eu, bibendum efficitur orci. Praesent gravida, metus a ullamcorper venenatis, neque est tempor metus, a ultricies sapien ex a turpis. Nulla pharetra sem metus, id consectetur elit sodales ac. Nam ac libero id orci rutrum tristique.\r\n\r\nCras eget aliquet felis, eget aliquet libero. Vestibulum ante ipsum primis in faucibus orci luctus et ultrices posuere cubilia curae; Suspendisse sit amet lorem luctus, congue turpis sit amet, malesuada ligula. Sed finibus purus velit, eget dapibus risus vulputate eu. Quisque bibendum tempor risus nec faucibus. Cras pulvinar velit a ante semper, pellentesque tincidunt ante ultrices. Sed ultrices blandit mattis. Vestibulum eget fringilla elit.\r\n\r\nDonec lacus libero, volutpat nec cursus ac, faucibus rutrum neque. Nulla tincidunt ornare faucibus. Integer fringilla eros eget felis consequat mattis. Aenean a nunc tristique, congue purus sed, fringilla metus. Vivamus consequat magna ut consectetur dictum. Duis eget orci ante. Praesent nec dolor nec neque fringilla malesuada ac ac elit. In dui enim, iaculis a felis rutrum, commodo pretium elit. Nulla posuere auctor dolor, et pretium arcu auctor in. Morbi condimentum vestibulum urna, quis fermentum augue pretium eu.', 'Lorem ipsum dolor sit amet, consectetur adipiscing elit. Nulla rutrum scelerisque mattis. Nullam mattis nec justo sed faucibus. Aliquam sodales faucibus metus eget dictum. Nulla aliquet, ipsum vitae vehicula finibus, mauris sapien hendrerit nulla, quis convallis felis ex sit amet eros. Maecenas mattis nisi vel massa vulputate accumsan. Quisque ut nulla nunc. Nulla leo justo, sollicitudin vel quam eu, bibendum efficitur orci. Praesent gravida, metus a ullamcorper venenatis, neque est tempor metus, a ultricies sapien ex a turpis. Nulla pharetra sem metus, id consectetur elit sodales ac. Nam ac libero id orci rutrum tristique.\r\n\r\nCras eget aliquet felis, eget aliquet libero. Vestibulum ante ipsum primis in faucibus orci luctus et ultrices posuere cubilia curae; Suspendisse sit amet lorem luctus, congue turpis sit amet, malesuada ligula. Sed finibus purus velit, eget dapibus risus vulputate eu. Quisque bibendum tempor risus nec faucibus. Cras pulvinar velit a ante semper, pellentesque tincidunt ante ultrices. Sed ultrices blandit mattis. Vestibulum eget fringilla elit.\r\n\r\nDonec lacus libero, volutpat nec cursus ac, faucibus rutrum neque. Nulla tincidunt ornare faucibus. Integer fringilla eros eget felis consequat mattis. Aenean a nunc tristique, congue purus sed, fringilla metus. Vivamus consequat magna ut consectetur dictum. Duis eget orci ante. Praesent nec dolor nec neque fringilla malesuada ac ac elit. In dui enim, iaculis a felis rutrum, commodo pretium elit. Nulla posuere auctor dolor, et pretium arcu auctor in. Morbi condimentum vestibulum urna, quis fermentum augue pretium eu.', 'assets/images/729047.jpg', 'assets/images/258864.jpg', '2021-10-18 14:34:47'),
(86, 11, 'Title 7', 'Lorem ipsum dolor sit amet, consectetur adipiscing elit. Nulla rutrum scelerisque mattis. Nullam mattis nec justo sed faucibus. Aliquam sodales faucibus metus eget dictum. Nulla aliquet, ipsum vitae vehicula finibus, mauris sapien hendrerit nulla, quis convallis felis ex sit amet eros. Maecenas mattis nisi vel massa vulputate accumsan. Quisque ut nulla nunc. Nulla leo justo, sollicitudin vel quam eu, bibendum efficitur orci. Praesent gravida, metus a ullamcorper venenatis, neque est tempor metus, a ultricies sapien ex a turpis. Nulla pharetra sem metus, id consectetur elit sodales ac. Nam ac libero id orci rutrum tristique.\r\n\r\nCras eget aliquet felis, eget aliquet libero. Vestibulum ante ipsum primis in faucibus orci luctus et ultrices posuere cubilia curae; Suspendisse sit amet lorem luctus, congue turpis sit amet, malesuada ligula. Sed finibus purus velit, eget dapibus risus vulputate eu. Quisque bibendum tempor risus nec faucibus. Cras pulvinar velit a ante semper, pellentesque tincidunt ante ultrices. Sed ultrices blandit mattis. Vestibulum eget fringilla elit.\r\n\r\nDonec lacus libero, volutpat nec cursus ac, faucibus rutrum neque. Nulla tincidunt ornare faucibus. Integer fringilla eros eget felis consequat mattis. Aenean a nunc tristique, congue purus sed, fringilla metus. Vivamus consequat magna ut consectetur dictum. Duis eget orci ante. Praesent nec dolor nec neque fringilla malesuada ac ac elit. In dui enim, iaculis a felis rutrum, commodo pretium elit. Nulla posuere auctor dolor, et pretium arcu auctor in. Morbi condimentum vestibulum urna, quis fermentum augue pretium eu.', 'Lorem ipsum dolor sit amet, consectetur adipiscing elit. Nulla rutrum scelerisque mattis. Nullam mattis nec justo sed faucibus. Aliquam sodales faucibus metus eget dictum. Nulla aliquet, ipsum vitae vehicula finibus, mauris sapien hendrerit nulla, quis convallis felis ex sit amet eros. Maecenas mattis nisi vel massa vulputate accumsan. Quisque ut nulla nunc. Nulla leo justo, sollicitudin vel quam eu, bibendum efficitur orci. Praesent gravida, metus a ullamcorper venenatis, neque est tempor metus, a ultricies sapien ex a turpis. Nulla pharetra sem metus, id consectetur elit sodales ac. Nam ac libero id orci rutrum tristique.\r\n\r\nCras eget aliquet felis, eget aliquet libero. Vestibulum ante ipsum primis in faucibus orci luctus et ultrices posuere cubilia curae; Suspendisse sit amet lorem luctus, congue turpis sit amet, malesuada ligula. Sed finibus purus velit, eget dapibus risus vulputate eu. Quisque bibendum tempor risus nec faucibus. Cras pulvinar velit a ante semper, pellentesque tincidunt ante ultrices. Sed ultrices blandit mattis. Vestibulum eget fringilla elit.\r\n\r\nDonec lacus libero, volutpat nec cursus ac, faucibus rutrum neque. Nulla tincidunt ornare faucibus. Integer fringilla eros eget felis consequat mattis. Aenean a nunc tristique, congue purus sed, fringilla metus. Vivamus consequat magna ut consectetur dictum. Duis eget orci ante. Praesent nec dolor nec neque fringilla malesuada ac ac elit. In dui enim, iaculis a felis rutrum, commodo pretium elit. Nulla posuere auctor dolor, et pretium arcu auctor in. Morbi condimentum vestibulum urna, quis fermentum augue pretium eu.', 'assets/images/41331.jpg', 'assets/images/44339.jpg', '2021-10-18 14:35:07'),
(87, 11, 'Title 8', 'Lorem ipsum dolor sit amet, consectetur adipiscing elit. Nulla rutrum scelerisque mattis. Nullam mattis nec justo sed faucibus. Aliquam sodales faucibus metus eget dictum. Nulla aliquet, ipsum vitae vehicula finibus, mauris sapien hendrerit nulla, quis convallis felis ex sit amet eros. Maecenas mattis nisi vel massa vulputate accumsan. Quisque ut nulla nunc. Nulla leo justo, sollicitudin vel quam eu, bibendum efficitur orci. Praesent gravida, metus a ullamcorper venenatis, neque est tempor metus, a ultricies sapien ex a turpis. Nulla pharetra sem metus, id consectetur elit sodales ac. Nam ac libero id orci rutrum tristique.\r\n\r\nCras eget aliquet felis, eget aliquet libero. Vestibulum ante ipsum primis in faucibus orci luctus et ultrices posuere cubilia curae; Suspendisse sit amet lorem luctus, congue turpis sit amet, malesuada ligula. Sed finibus purus velit, eget dapibus risus vulputate eu. Quisque bibendum tempor risus nec faucibus. Cras pulvinar velit a ante semper, pellentesque tincidunt ante ultrices. Sed ultrices blandit mattis. Vestibulum eget fringilla elit.\r\n\r\nDonec lacus libero, volutpat nec cursus ac, faucibus rutrum neque. Nulla tincidunt ornare faucibus. Integer fringilla eros eget felis consequat mattis. Aenean a nunc tristique, congue purus sed, fringilla metus. Vivamus consequat magna ut consectetur dictum. Duis eget orci ante. Praesent nec dolor nec neque fringilla malesuada ac ac elit. In dui enim, iaculis a felis rutrum, commodo pretium elit. Nulla posuere auctor dolor, et pretium arcu auctor in. Morbi condimentum vestibulum urna, quis fermentum augue pretium eu.', 'Lorem ipsum dolor sit amet, consectetur adipiscing elit. Nulla rutrum scelerisque mattis. Nullam mattis nec justo sed faucibus. Aliquam sodales faucibus metus eget dictum. Nulla aliquet, ipsum vitae vehicula finibus, mauris sapien hendrerit nulla, quis convallis felis ex sit amet eros. Maecenas mattis nisi vel massa vulputate accumsan. Quisque ut nulla nunc. Nulla leo justo, sollicitudin vel quam eu, bibendum efficitur orci. Praesent gravida, metus a ullamcorper venenatis, neque est tempor metus, a ultricies sapien ex a turpis. Nulla pharetra sem metus, id consectetur elit sodales ac. Nam ac libero id orci rutrum tristique.\r\n\r\nCras eget aliquet felis, eget aliquet libero. Vestibulum ante ipsum primis in faucibus orci luctus et ultrices posuere cubilia curae; Suspendisse sit amet lorem luctus, congue turpis sit amet, malesuada ligula. Sed finibus purus velit, eget dapibus risus vulputate eu. Quisque bibendum tempor risus nec faucibus. Cras pulvinar velit a ante semper, pellentesque tincidunt ante ultrices. Sed ultrices blandit mattis. Vestibulum eget fringilla elit.\r\n\r\nDonec lacus libero, volutpat nec cursus ac, faucibus rutrum neque. Nulla tincidunt ornare faucibus. Integer fringilla eros eget felis consequat mattis. Aenean a nunc tristique, congue purus sed, fringilla metus. Vivamus consequat magna ut consectetur dictum. Duis eget orci ante. Praesent nec dolor nec neque fringilla malesuada ac ac elit. In dui enim, iaculis a felis rutrum, commodo pretium elit. Nulla posuere auctor dolor, et pretium arcu auctor in. Morbi condimentum vestibulum urna, quis fermentum augue pretium eu.', 'assets/images/203198.jpg', 'assets/images/859687.jpg', '2021-10-18 14:35:24'),
(88, 11, 'Title 9', 'Lorem ipsum dolor sit amet, consectetur adipiscing elit. Nulla rutrum scelerisque mattis. Nullam mattis nec justo sed faucibus. Aliquam sodales faucibus metus eget dictum. Nulla aliquet, ipsum vitae vehicula finibus, mauris sapien hendrerit nulla, quis convallis felis ex sit amet eros. Maecenas mattis nisi vel massa vulputate accumsan. Quisque ut nulla nunc. Nulla leo justo, sollicitudin vel quam eu, bibendum efficitur orci. Praesent gravida, metus a ullamcorper venenatis, neque est tempor metus, a ultricies sapien ex a turpis. Nulla pharetra sem metus, id consectetur elit sodales ac. Nam ac libero id orci rutrum tristique.\r\n\r\nCras eget aliquet felis, eget aliquet libero. Vestibulum ante ipsum primis in faucibus orci luctus et ultrices posuere cubilia curae; Suspendisse sit amet lorem luctus, congue turpis sit amet, malesuada ligula. Sed finibus purus velit, eget dapibus risus vulputate eu. Quisque bibendum tempor risus nec faucibus. Cras pulvinar velit a ante semper, pellentesque tincidunt ante ultrices. Sed ultrices blandit mattis. Vestibulum eget fringilla elit.\r\n\r\nDonec lacus libero, volutpat nec cursus ac, faucibus rutrum neque. Nulla tincidunt ornare faucibus. Integer fringilla eros eget felis consequat mattis. Aenean a nunc tristique, congue purus sed, fringilla metus. Vivamus consequat magna ut consectetur dictum. Duis eget orci ante. Praesent nec dolor nec neque fringilla malesuada ac ac elit. In dui enim, iaculis a felis rutrum, commodo pretium elit. Nulla posuere auctor dolor, et pretium arcu auctor in. Morbi condimentum vestibulum urna, quis fermentum augue pretium eu.', 'Lorem ipsum dolor sit amet, consectetur adipiscing elit. Nulla rutrum scelerisque mattis. Nullam mattis nec justo sed faucibus. Aliquam sodales faucibus metus eget dictum. Nulla aliquet, ipsum vitae vehicula finibus, mauris sapien hendrerit nulla, quis convallis felis ex sit amet eros. Maecenas mattis nisi vel massa vulputate accumsan. Quisque ut nulla nunc. Nulla leo justo, sollicitudin vel quam eu, bibendum efficitur orci. Praesent gravida, metus a ullamcorper venenatis, neque est tempor metus, a ultricies sapien ex a turpis. Nulla pharetra sem metus, id consectetur elit sodales ac. Nam ac libero id orci rutrum tristique.\r\n\r\nCras eget aliquet felis, eget aliquet libero. Vestibulum ante ipsum primis in faucibus orci luctus et ultrices posuere cubilia curae; Suspendisse sit amet lorem luctus, congue turpis sit amet, malesuada ligula. Sed finibus purus velit, eget dapibus risus vulputate eu. Quisque bibendum tempor risus nec faucibus. Cras pulvinar velit a ante semper, pellentesque tincidunt ante ultrices. Sed ultrices blandit mattis. Vestibulum eget fringilla elit.\r\n\r\nDonec lacus libero, volutpat nec cursus ac, faucibus rutrum neque. Nulla tincidunt ornare faucibus. Integer fringilla eros eget felis consequat mattis. Aenean a nunc tristique, congue purus sed, fringilla metus. Vivamus consequat magna ut consectetur dictum. Duis eget orci ante. Praesent nec dolor nec neque fringilla malesuada ac ac elit. In dui enim, iaculis a felis rutrum, commodo pretium elit. Nulla posuere auctor dolor, et pretium arcu auctor in. Morbi condimentum vestibulum urna, quis fermentum augue pretium eu.', 'assets/images/489645.jpg', 'assets/images/927831.jpg', '2021-10-18 14:35:43'),
(89, 14, 'Title 10', 'Lorem ipsum dolor sit amet, consectetur adipiscing elit. Nulla rutrum scelerisque mattis. Nullam mattis nec justo sed faucibus. Aliquam sodales faucibus metus eget dictum. Nulla aliquet, ipsum vitae vehicula finibus, mauris sapien hendrerit nulla, quis convallis felis ex sit amet eros. Maecenas mattis nisi vel massa vulputate accumsan. Quisque ut nulla nunc. Nulla leo justo, sollicitudin vel quam eu, bibendum efficitur orci. Praesent gravida, metus a ullamcorper venenatis, neque est tempor metus, a ultricies sapien ex a turpis. Nulla pharetra sem metus, id consectetur elit sodales ac. Nam ac libero id orci rutrum tristique.\r\n\r\nCras eget aliquet felis, eget aliquet libero. Vestibulum ante ipsum primis in faucibus orci luctus et ultrices posuere cubilia curae; Suspendisse sit amet lorem luctus, congue turpis sit amet, malesuada ligula. Sed finibus purus velit, eget dapibus risus vulputate eu. Quisque bibendum tempor risus nec faucibus. Cras pulvinar velit a ante semper, pellentesque tincidunt ante ultrices. Sed ultrices blandit mattis. Vestibulum eget fringilla elit.\r\n\r\nDonec lacus libero, volutpat nec cursus ac, faucibus rutrum neque. Nulla tincidunt ornare faucibus. Integer fringilla eros eget felis consequat mattis. Aenean a nunc tristique, congue purus sed, fringilla metus. Vivamus consequat magna ut consectetur dictum. Duis eget orci ante. Praesent nec dolor nec neque fringilla malesuada ac ac elit. In dui enim, iaculis a felis rutrum, commodo pretium elit. Nulla posuere auctor dolor, et pretium arcu auctor in. Morbi condimentum vestibulum urna, quis fermentum augue pretium eu.', 'Lorem ipsum dolor sit amet, consectetur adipiscing elit. Nulla rutrum scelerisque mattis. Nullam mattis nec justo sed faucibus. Aliquam sodales faucibus metus eget dictum. Nulla aliquet, ipsum vitae vehicula finibus, mauris sapien hendrerit nulla, quis convallis felis ex sit amet eros. Maecenas mattis nisi vel massa vulputate accumsan. Quisque ut nulla nunc. Nulla leo justo, sollicitudin vel quam eu, bibendum efficitur orci. Praesent gravida, metus a ullamcorper venenatis, neque est tempor metus, a ultricies sapien ex a turpis. Nulla pharetra sem metus, id consectetur elit sodales ac. Nam ac libero id orci rutrum tristique.\r\n\r\nCras eget aliquet felis, eget aliquet libero. Vestibulum ante ipsum primis in faucibus orci luctus et ultrices posuere cubilia curae; Suspendisse sit amet lorem luctus, congue turpis sit amet, malesuada ligula. Sed finibus purus velit, eget dapibus risus vulputate eu. Quisque bibendum tempor risus nec faucibus. Cras pulvinar velit a ante semper, pellentesque tincidunt ante ultrices. Sed ultrices blandit mattis. Vestibulum eget fringilla elit.\r\n\r\nDonec lacus libero, volutpat nec cursus ac, faucibus rutrum neque. Nulla tincidunt ornare faucibus. Integer fringilla eros eget felis consequat mattis. Aenean a nunc tristique, congue purus sed, fringilla metus. Vivamus consequat magna ut consectetur dictum. Duis eget orci ante. Praesent nec dolor nec neque fringilla malesuada ac ac elit. In dui enim, iaculis a felis rutrum, commodo pretium elit. Nulla posuere auctor dolor, et pretium arcu auctor in. Morbi condimentum vestibulum urna, quis fermentum augue pretium eu.', 'assets/images/847743.jpg', 'assets/images/999511.jpg', '2021-10-18 14:36:05'),
(90, 10, 'Title 11', 'Lorem ipsum dolor sit amet, consectetur adipiscing elit. Nulla rutrum scelerisque mattis. Nullam mattis nec justo sed faucibus. Aliquam sodales faucibus metus eget dictum. Nulla aliquet, ipsum vitae vehicula finibus, mauris sapien hendrerit nulla, quis convallis felis ex sit amet eros. Maecenas mattis nisi vel massa vulputate accumsan. Quisque ut nulla nunc. Nulla leo justo, sollicitudin vel quam eu, bibendum efficitur orci. Praesent gravida, metus a ullamcorper venenatis, neque est tempor metus, a ultricies sapien ex a turpis. Nulla pharetra sem metus, id consectetur elit sodales ac. Nam ac libero id orci rutrum tristique.\r\n\r\nCras eget aliquet felis, eget aliquet libero. Vestibulum ante ipsum primis in faucibus orci luctus et ultrices posuere cubilia curae; Suspendisse sit amet lorem luctus, congue turpis sit amet, malesuada ligula. Sed finibus purus velit, eget dapibus risus vulputate eu. Quisque bibendum tempor risus nec faucibus. Cras pulvinar velit a ante semper, pellentesque tincidunt ante ultrices. Sed ultrices blandit mattis. Vestibulum eget fringilla elit.\r\n\r\nDonec lacus libero, volutpat nec cursus ac, faucibus rutrum neque. Nulla tincidunt ornare faucibus. Integer fringilla eros eget felis consequat mattis. Aenean a nunc tristique, congue purus sed, fringilla metus. Vivamus consequat magna ut consectetur dictum. Duis eget orci ante. Praesent nec dolor nec neque fringilla malesuada ac ac elit. In dui enim, iaculis a felis rutrum, commodo pretium elit. Nulla posuere auctor dolor, et pretium arcu auctor in. Morbi condimentum vestibulum urna, quis fermentum augue pretium eu.', 'Lorem ipsum dolor sit amet, consectetur adipiscing elit. Nulla rutrum scelerisque mattis. Nullam mattis nec justo sed faucibus. Aliquam sodales faucibus metus eget dictum. Nulla aliquet, ipsum vitae vehicula finibus, mauris sapien hendrerit nulla, quis convallis felis ex sit amet eros. Maecenas mattis nisi vel massa vulputate accumsan. Quisque ut nulla nunc. Nulla leo justo, sollicitudin vel quam eu, bibendum efficitur orci. Praesent gravida, metus a ullamcorper venenatis, neque est tempor metus, a ultricies sapien ex a turpis. Nulla pharetra sem metus, id consectetur elit sodales ac. Nam ac libero id orci rutrum tristique.\r\n\r\nCras eget aliquet felis, eget aliquet libero. Vestibulum ante ipsum primis in faucibus orci luctus et ultrices posuere cubilia curae; Suspendisse sit amet lorem luctus, congue turpis sit amet, malesuada ligula. Sed finibus purus velit, eget dapibus risus vulputate eu. Quisque bibendum tempor risus nec faucibus. Cras pulvinar velit a ante semper, pellentesque tincidunt ante ultrices. Sed ultrices blandit mattis. Vestibulum eget fringilla elit.\r\n\r\nDonec lacus libero, volutpat nec cursus ac, faucibus rutrum neque. Nulla tincidunt ornare faucibus. Integer fringilla eros eget felis consequat mattis. Aenean a nunc tristique, congue purus sed, fringilla metus. Vivamus consequat magna ut consectetur dictum. Duis eget orci ante. Praesent nec dolor nec neque fringilla malesuada ac ac elit. In dui enim, iaculis a felis rutrum, commodo pretium elit. Nulla posuere auctor dolor, et pretium arcu auctor in. Morbi condimentum vestibulum urna, quis fermentum augue pretium eu.', 'assets/images/36590.jpg', 'assets/images/898517.jpg', '2021-10-18 14:36:23'),
(91, 10, 'Title 13', 'Lorem ipsum dolor sit amet, consectetur adipiscing elit. Nulla rutrum scelerisque mattis. Nullam mattis nec justo sed faucibus. Aliquam sodales faucibus metus eget dictum. Nulla aliquet, ipsum vitae vehicula finibus, mauris sapien hendrerit nulla, quis convallis felis ex sit amet eros. Maecenas mattis nisi vel massa vulputate accumsan. Quisque ut nulla nunc. Nulla leo justo, sollicitudin vel quam eu, bibendum efficitur orci. Praesent gravida, metus a ullamcorper venenatis, neque est tempor metus, a ultricies sapien ex a turpis. Nulla pharetra sem metus, id consectetur elit sodales ac. Nam ac libero id orci rutrum tristique.\r\n\r\nCras eget aliquet felis, eget aliquet libero. Vestibulum ante ipsum primis in faucibus orci luctus et ultrices posuere cubilia curae; Suspendisse sit amet lorem luctus, congue turpis sit amet, malesuada ligula. Sed finibus purus velit, eget dapibus risus vulputate eu. Quisque bibendum tempor risus nec faucibus. Cras pulvinar velit a ante semper, pellentesque tincidunt ante ultrices. Sed ultrices blandit mattis. Vestibulum eget fringilla elit.\r\n\r\nDonec lacus libero, volutpat nec cursus ac, faucibus rutrum neque. Nulla tincidunt ornare faucibus. Integer fringilla eros eget felis consequat mattis. Aenean a nunc tristique, congue purus sed, fringilla metus. Vivamus consequat magna ut consectetur dictum. Duis eget orci ante. Praesent nec dolor nec neque fringilla malesuada ac ac elit. In dui enim, iaculis a felis rutrum, commodo pretium elit. Nulla posuere auctor dolor, et pretium arcu auctor in. Morbi condimentum vestibulum urna, quis fermentum augue pretium eu.', 'Lorem ipsum dolor sit amet, consectetur adipiscing elit. Nulla rutrum scelerisque mattis. Nullam mattis nec justo sed faucibus. Aliquam sodales faucibus metus eget dictum. Nulla aliquet, ipsum vitae vehicula finibus, mauris sapien hendrerit nulla, quis convallis felis ex sit amet eros. Maecenas mattis nisi vel massa vulputate accumsan. Quisque ut nulla nunc. Nulla leo justo, sollicitudin vel quam eu, bibendum efficitur orci. Praesent gravida, metus a ullamcorper venenatis, neque est tempor metus, a ultricies sapien ex a turpis. Nulla pharetra sem metus, id consectetur elit sodales ac. Nam ac libero id orci rutrum tristique.\r\n\r\nCras eget aliquet felis, eget aliquet libero. Vestibulum ante ipsum primis in faucibus orci luctus et ultrices posuere cubilia curae; Suspendisse sit amet lorem luctus, congue turpis sit amet, malesuada ligula. Sed finibus purus velit, eget dapibus risus vulputate eu. Quisque bibendum tempor risus nec faucibus. Cras pulvinar velit a ante semper, pellentesque tincidunt ante ultrices. Sed ultrices blandit mattis. Vestibulum eget fringilla elit.\r\n\r\nDonec lacus libero, volutpat nec cursus ac, faucibus rutrum neque. Nulla tincidunt ornare faucibus. Integer fringilla eros eget felis consequat mattis. Aenean a nunc tristique, congue purus sed, fringilla metus. Vivamus consequat magna ut consectetur dictum. Duis eget orci ante. Praesent nec dolor nec neque fringilla malesuada ac ac elit. In dui enim, iaculis a felis rutrum, commodo pretium elit. Nulla posuere auctor dolor, et pretium arcu auctor in. Morbi condimentum vestibulum urna, quis fermentum augue pretium eu.', 'assets/images/873667.jpg', 'assets/images/245812.jpg', '2021-10-18 14:36:57'),
(92, 14, 'Title 14', 'Lorem ipsum dolor sit amet, consectetur adipiscing elit. Nulla rutrum scelerisque mattis. Nullam mattis nec justo sed faucibus. Aliquam sodales faucibus metus eget dictum. Nulla aliquet, ipsum vitae vehicula finibus, mauris sapien hendrerit nulla, quis convallis felis ex sit amet eros. Maecenas mattis nisi vel massa vulputate accumsan. Quisque ut nulla nunc. Nulla leo justo, sollicitudin vel quam eu, bibendum efficitur orci. Praesent gravida, metus a ullamcorper venenatis, neque est tempor metus, a ultricies sapien ex a turpis. Nulla pharetra sem metus, id consectetur elit sodales ac. Nam ac libero id orci rutrum tristique.\r\n\r\nCras eget aliquet felis, eget aliquet libero. Vestibulum ante ipsum primis in faucibus orci luctus et ultrices posuere cubilia curae; Suspendisse sit amet lorem luctus, congue turpis sit amet, malesuada ligula. Sed finibus purus velit, eget dapibus risus vulputate eu. Quisque bibendum tempor risus nec faucibus. Cras pulvinar velit a ante semper, pellentesque tincidunt ante ultrices. Sed ultrices blandit mattis. Vestibulum eget fringilla elit.\r\n\r\nDonec lacus libero, volutpat nec cursus ac, faucibus rutrum neque. Nulla tincidunt ornare faucibus. Integer fringilla eros eget felis consequat mattis. Aenean a nunc tristique, congue purus sed, fringilla metus. Vivamus consequat magna ut consectetur dictum. Duis eget orci ante. Praesent nec dolor nec neque fringilla malesuada ac ac elit. In dui enim, iaculis a felis rutrum, commodo pretium elit. Nulla posuere auctor dolor, et pretium arcu auctor in. Morbi condimentum vestibulum urna, quis fermentum augue pretium eu.', 'Lorem ipsum dolor sit amet, consectetur adipiscing elit. Nulla rutrum scelerisque mattis. Nullam mattis nec justo sed faucibus. Aliquam sodales faucibus metus eget dictum. Nulla aliquet, ipsum vitae vehicula finibus, mauris sapien hendrerit nulla, quis convallis felis ex sit amet eros. Maecenas mattis nisi vel massa vulputate accumsan. Quisque ut nulla nunc. Nulla leo justo, sollicitudin vel quam eu, bibendum efficitur orci. Praesent gravida, metus a ullamcorper venenatis, neque est tempor metus, a ultricies sapien ex a turpis. Nulla pharetra sem metus, id consectetur elit sodales ac. Nam ac libero id orci rutrum tristique.\r\n\r\nCras eget aliquet felis, eget aliquet libero. Vestibulum ante ipsum primis in faucibus orci luctus et ultrices posuere cubilia curae; Suspendisse sit amet lorem luctus, congue turpis sit amet, malesuada ligula. Sed finibus purus velit, eget dapibus risus vulputate eu. Quisque bibendum tempor risus nec faucibus. Cras pulvinar velit a ante semper, pellentesque tincidunt ante ultrices. Sed ultrices blandit mattis. Vestibulum eget fringilla elit.\r\n\r\nDonec lacus libero, volutpat nec cursus ac, faucibus rutrum neque. Nulla tincidunt ornare faucibus. Integer fringilla eros eget felis consequat mattis. Aenean a nunc tristique, congue purus sed, fringilla metus. Vivamus consequat magna ut consectetur dictum. Duis eget orci ante. Praesent nec dolor nec neque fringilla malesuada ac ac elit. In dui enim, iaculis a felis rutrum, commodo pretium elit. Nulla posuere auctor dolor, et pretium arcu auctor in. Morbi condimentum vestibulum urna, quis fermentum augue pretium eu.', 'assets/images/542756.jpg', 'assets/images/172053.jpg', '2021-10-18 14:37:14'),
(93, 11, 'Title 15', 'Lorem ipsum dolor sit amet, consectetur adipiscing elit. Nulla rutrum scelerisque mattis. Nullam mattis nec justo sed faucibus. Aliquam sodales faucibus metus eget dictum. Nulla aliquet, ipsum vitae vehicula finibus, mauris sapien hendrerit nulla, quis convallis felis ex sit amet eros. Maecenas mattis nisi vel massa vulputate accumsan. Quisque ut nulla nunc. Nulla leo justo, sollicitudin vel quam eu, bibendum efficitur orci. Praesent gravida, metus a ullamcorper venenatis, neque est tempor metus, a ultricies sapien ex a turpis. Nulla pharetra sem metus, id consectetur elit sodales ac. Nam ac libero id orci rutrum tristique.\r\n\r\nCras eget aliquet felis, eget aliquet libero. Vestibulum ante ipsum primis in faucibus orci luctus et ultrices posuere cubilia curae; Suspendisse sit amet lorem luctus, congue turpis sit amet, malesuada ligula. Sed finibus purus velit, eget dapibus risus vulputate eu. Quisque bibendum tempor risus nec faucibus. Cras pulvinar velit a ante semper, pellentesque tincidunt ante ultrices. Sed ultrices blandit mattis. Vestibulum eget fringilla elit.\r\n\r\nDonec lacus libero, volutpat nec cursus ac, faucibus rutrum neque. Nulla tincidunt ornare faucibus. Integer fringilla eros eget felis consequat mattis. Aenean a nunc tristique, congue purus sed, fringilla metus. Vivamus consequat magna ut consectetur dictum. Duis eget orci ante. Praesent nec dolor nec neque fringilla malesuada ac ac elit. In dui enim, iaculis a felis rutrum, commodo pretium elit. Nulla posuere auctor dolor, et pretium arcu auctor in. Morbi condimentum vestibulum urna, quis fermentum augue pretium eu.', 'Lorem ipsum dolor sit amet, consectetur adipiscing elit. Nulla rutrum scelerisque mattis. Nullam mattis nec justo sed faucibus. Aliquam sodales faucibus metus eget dictum. Nulla aliquet, ipsum vitae vehicula finibus, mauris sapien hendrerit nulla, quis convallis felis ex sit amet eros. Maecenas mattis nisi vel massa vulputate accumsan. Quisque ut nulla nunc. Nulla leo justo, sollicitudin vel quam eu, bibendum efficitur orci. Praesent gravida, metus a ullamcorper venenatis, neque est tempor metus, a ultricies sapien ex a turpis. Nulla pharetra sem metus, id consectetur elit sodales ac. Nam ac libero id orci rutrum tristique.\r\n\r\nCras eget aliquet felis, eget aliquet libero. Vestibulum ante ipsum primis in faucibus orci luctus et ultrices posuere cubilia curae; Suspendisse sit amet lorem luctus, congue turpis sit amet, malesuada ligula. Sed finibus purus velit, eget dapibus risus vulputate eu. Quisque bibendum tempor risus nec faucibus. Cras pulvinar velit a ante semper, pellentesque tincidunt ante ultrices. Sed ultrices blandit mattis. Vestibulum eget fringilla elit.\r\n\r\nDonec lacus libero, volutpat nec cursus ac, faucibus rutrum neque. Nulla tincidunt ornare faucibus. Integer fringilla eros eget felis consequat mattis. Aenean a nunc tristique, congue purus sed, fringilla metus. Vivamus consequat magna ut consectetur dictum. Duis eget orci ante. Praesent nec dolor nec neque fringilla malesuada ac ac elit. In dui enim, iaculis a felis rutrum, commodo pretium elit. Nulla posuere auctor dolor, et pretium arcu auctor in. Morbi condimentum vestibulum urna, quis fermentum augue pretium eu.', 'assets/images/365511.jpg', 'assets/images/44407.jpg', '2021-10-18 14:37:40'),
(94, 11, 'title 16', 'Lorem ipsum dolor sit amet, consectetur adipiscing elit. Nulla rutrum scelerisque mattis. Nullam mattis nec justo sed faucibus. Aliquam sodales faucibus metus eget dictum. Nulla aliquet, ipsum vitae vehicula finibus, mauris sapien hendrerit nulla, quis convallis felis ex sit amet eros. Maecenas mattis nisi vel massa vulputate accumsan. Quisque ut nulla nunc. Nulla leo justo, sollicitudin vel quam eu, bibendum efficitur orci. Praesent gravida, metus a ullamcorper venenatis, neque est tempor metus, a ultricies sapien ex a turpis. Nulla pharetra sem metus, id consectetur elit sodales ac. Nam ac libero id orci rutrum tristique.\r\n\r\nCras eget aliquet felis, eget aliquet libero. Vestibulum ante ipsum primis in faucibus orci luctus et ultrices posuere cubilia curae; Suspendisse sit amet lorem luctus, congue turpis sit amet, malesuada ligula. Sed finibus purus velit, eget dapibus risus vulputate eu. Quisque bibendum tempor risus nec faucibus. Cras pulvinar velit a ante semper, pellentesque tincidunt ante ultrices. Sed ultrices blandit mattis. Vestibulum eget fringilla elit.\r\n\r\nDonec lacus libero, volutpat nec cursus ac, faucibus rutrum neque. Nulla tincidunt ornare faucibus. Integer fringilla eros eget felis consequat mattis. Aenean a nunc tristique, congue purus sed, fringilla metus. Vivamus consequat magna ut consectetur dictum. Duis eget orci ante. Praesent nec dolor nec neque fringilla malesuada ac ac elit. In dui enim, iaculis a felis rutrum, commodo pretium elit. Nulla posuere auctor dolor, et pretium arcu auctor in. Morbi condimentum vestibulum urna, quis fermentum augue pretium eu.', 'Lorem ipsum dolor sit amet, consectetur adipiscing elit. Nulla rutrum scelerisque mattis. Nullam mattis nec justo sed faucibus. Aliquam sodales faucibus metus eget dictum. Nulla aliquet, ipsum vitae vehicula finibus, mauris sapien hendrerit nulla, quis convallis felis ex sit amet eros. Maecenas mattis nisi vel massa vulputate accumsan. Quisque ut nulla nunc. Nulla leo justo, sollicitudin vel quam eu, bibendum efficitur orci. Praesent gravida, metus a ullamcorper venenatis, neque est tempor metus, a ultricies sapien ex a turpis. Nulla pharetra sem metus, id consectetur elit sodales ac. Nam ac libero id orci rutrum tristique.\r\n\r\nCras eget aliquet felis, eget aliquet libero. Vestibulum ante ipsum primis in faucibus orci luctus et ultrices posuere cubilia curae; Suspendisse sit amet lorem luctus, congue turpis sit amet, malesuada ligula. Sed finibus purus velit, eget dapibus risus vulputate eu. Quisque bibendum tempor risus nec faucibus. Cras pulvinar velit a ante semper, pellentesque tincidunt ante ultrices. Sed ultrices blandit mattis. Vestibulum eget fringilla elit.\r\n\r\nDonec lacus libero, volutpat nec cursus ac, faucibus rutrum neque. Nulla tincidunt ornare faucibus. Integer fringilla eros eget felis consequat mattis. Aenean a nunc tristique, congue purus sed, fringilla metus. Vivamus consequat magna ut consectetur dictum. Duis eget orci ante. Praesent nec dolor nec neque fringilla malesuada ac ac elit. In dui enim, iaculis a felis rutrum, commodo pretium elit. Nulla posuere auctor dolor, et pretium arcu auctor in. Morbi condimentum vestibulum urna, quis fermentum augue pretium eu.', 'assets/images/316560.jpg', 'assets/images/737672.jpg', '2021-10-18 14:38:11'),
(95, 10, 'Title 17', 'Lorem ipsum dolor sit amet, consectetur adipiscing elit. Nulla rutrum scelerisque mattis. Nullam mattis nec justo sed faucibus. Aliquam sodales faucibus metus eget dictum. Nulla aliquet, ipsum vitae vehicula finibus, mauris sapien hendrerit nulla, quis convallis felis ex sit amet eros. Maecenas mattis nisi vel massa vulputate accumsan. Quisque ut nulla nunc. Nulla leo justo, sollicitudin vel quam eu, bibendum efficitur orci. Praesent gravida, metus a ullamcorper venenatis, neque est tempor metus, a ultricies sapien ex a turpis. Nulla pharetra sem metus, id consectetur elit sodales ac. Nam ac libero id orci rutrum tristique.\r\n\r\nCras eget aliquet felis, eget aliquet libero. Vestibulum ante ipsum primis in faucibus orci luctus et ultrices posuere cubilia curae; Suspendisse sit amet lorem luctus, congue turpis sit amet, malesuada ligula. Sed finibus purus velit, eget dapibus risus vulputate eu. Quisque bibendum tempor risus nec faucibus. Cras pulvinar velit a ante semper, pellentesque tincidunt ante ultrices. Sed ultrices blandit mattis. Vestibulum eget fringilla elit.\r\n\r\nDonec lacus libero, volutpat nec cursus ac, faucibus rutrum neque. Nulla tincidunt ornare faucibus. Integer fringilla eros eget felis consequat mattis. Aenean a nunc tristique, congue purus sed, fringilla metus. Vivamus consequat magna ut consectetur dictum. Duis eget orci ante. Praesent nec dolor nec neque fringilla malesuada ac ac elit. In dui enim, iaculis a felis rutrum, commodo pretium elit. Nulla posuere auctor dolor, et pretium arcu auctor in. Morbi condimentum vestibulum urna, quis fermentum augue pretium eu.', 'Lorem ipsum dolor sit amet, consectetur adipiscing elit. Nulla rutrum scelerisque mattis. Nullam mattis nec justo sed faucibus. Aliquam sodales faucibus metus eget dictum. Nulla aliquet, ipsum vitae vehicula finibus, mauris sapien hendrerit nulla, quis convallis felis ex sit amet eros. Maecenas mattis nisi vel massa vulputate accumsan. Quisque ut nulla nunc. Nulla leo justo, sollicitudin vel quam eu, bibendum efficitur orci. Praesent gravida, metus a ullamcorper venenatis, neque est tempor metus, a ultricies sapien ex a turpis. Nulla pharetra sem metus, id consectetur elit sodales ac. Nam ac libero id orci rutrum tristique.\r\n\r\nCras eget aliquet felis, eget aliquet libero. Vestibulum ante ipsum primis in faucibus orci luctus et ultrices posuere cubilia curae; Suspendisse sit amet lorem luctus, congue turpis sit amet, malesuada ligula. Sed finibus purus velit, eget dapibus risus vulputate eu. Quisque bibendum tempor risus nec faucibus. Cras pulvinar velit a ante semper, pellentesque tincidunt ante ultrices. Sed ultrices blandit mattis. Vestibulum eget fringilla elit.\r\n\r\nDonec lacus libero, volutpat nec cursus ac, faucibus rutrum neque. Nulla tincidunt ornare faucibus. Integer fringilla eros eget felis consequat mattis. Aenean a nunc tristique, congue purus sed, fringilla metus. Vivamus consequat magna ut consectetur dictum. Duis eget orci ante. Praesent nec dolor nec neque fringilla malesuada ac ac elit. In dui enim, iaculis a felis rutrum, commodo pretium elit. Nulla posuere auctor dolor, et pretium arcu auctor in. Morbi condimentum vestibulum urna, quis fermentum augue pretium eu.', 'assets/images/123095.jpg', 'assets/images/28911.jpg', '2021-10-18 14:38:26');
INSERT INTO `messages` (`id_message`, `id_category`, `title`, `first_text`, `second_text`, `main_image`, `second_image`, `dt_add`) VALUES
(96, 14, 'Title 17', 'Lorem ipsum dolor sit amet, consectetur adipiscing elit. Nulla rutrum scelerisque mattis. Nullam mattis nec justo sed faucibus. Aliquam sodales faucibus metus eget dictum. Nulla aliquet, ipsum vitae vehicula finibus, mauris sapien hendrerit nulla, quis convallis felis ex sit amet eros. Maecenas mattis nisi vel massa vulputate accumsan. Quisque ut nulla nunc. Nulla leo justo, sollicitudin vel quam eu, bibendum efficitur orci. Praesent gravida, metus a ullamcorper venenatis, neque est tempor metus, a ultricies sapien ex a turpis. Nulla pharetra sem metus, id consectetur elit sodales ac. Nam ac libero id orci rutrum tristique.\r\n\r\nCras eget aliquet felis, eget aliquet libero. Vestibulum ante ipsum primis in faucibus orci luctus et ultrices posuere cubilia curae; Suspendisse sit amet lorem luctus, congue turpis sit amet, malesuada ligula. Sed finibus purus velit, eget dapibus risus vulputate eu. Quisque bibendum tempor risus nec faucibus. Cras pulvinar velit a ante semper, pellentesque tincidunt ante ultrices. Sed ultrices blandit mattis. Vestibulum eget fringilla elit.\r\n\r\nDonec lacus libero, volutpat nec cursus ac, faucibus rutrum neque. Nulla tincidunt ornare faucibus. Integer fringilla eros eget felis consequat mattis. Aenean a nunc tristique, congue purus sed, fringilla metus. Vivamus consequat magna ut consectetur dictum. Duis eget orci ante. Praesent nec dolor nec neque fringilla malesuada ac ac elit. In dui enim, iaculis a felis rutrum, commodo pretium elit. Nulla posuere auctor dolor, et pretium arcu auctor in. Morbi condimentum vestibulum urna, quis fermentum augue pretium eu.', 'Lorem ipsum dolor sit amet, consectetur adipiscing elit. Nulla rutrum scelerisque mattis. Nullam mattis nec justo sed faucibus. Aliquam sodales faucibus metus eget dictum. Nulla aliquet, ipsum vitae vehicula finibus, mauris sapien hendrerit nulla, quis convallis felis ex sit amet eros. Maecenas mattis nisi vel massa vulputate accumsan. Quisque ut nulla nunc. Nulla leo justo, sollicitudin vel quam eu, bibendum efficitur orci. Praesent gravida, metus a ullamcorper venenatis, neque est tempor metus, a ultricies sapien ex a turpis. Nulla pharetra sem metus, id consectetur elit sodales ac. Nam ac libero id orci rutrum tristique.\r\n\r\nCras eget aliquet felis, eget aliquet libero. Vestibulum ante ipsum primis in faucibus orci luctus et ultrices posuere cubilia curae; Suspendisse sit amet lorem luctus, congue turpis sit amet, malesuada ligula. Sed finibus purus velit, eget dapibus risus vulputate eu. Quisque bibendum tempor risus nec faucibus. Cras pulvinar velit a ante semper, pellentesque tincidunt ante ultrices. Sed ultrices blandit mattis. Vestibulum eget fringilla elit.\r\n\r\nDonec lacus libero, volutpat nec cursus ac, faucibus rutrum neque. Nulla tincidunt ornare faucibus. Integer fringilla eros eget felis consequat mattis. Aenean a nunc tristique, congue purus sed, fringilla metus. Vivamus consequat magna ut consectetur dictum. Duis eget orci ante. Praesent nec dolor nec neque fringilla malesuada ac ac elit. In dui enim, iaculis a felis rutrum, commodo pretium elit. Nulla posuere auctor dolor, et pretium arcu auctor in. Morbi condimentum vestibulum urna, quis fermentum augue pretium eu.', 'assets/images/628960.jpg', 'assets/images/827581.jpg', '2021-10-18 14:38:51'),
(97, 14, 'Title 19', 'Lorem ipsum dolor sit amet, consectetur adipiscing elit. Nulla rutrum scelerisque mattis. Nullam mattis nec justo sed faucibus. Aliquam sodales faucibus metus eget dictum. Nulla aliquet, ipsum vitae vehicula finibus, mauris sapien hendrerit nulla, quis convallis felis ex sit amet eros. Maecenas mattis nisi vel massa vulputate accumsan. Quisque ut nulla nunc. Nulla leo justo, sollicitudin vel quam eu, bibendum efficitur orci. Praesent gravida, metus a ullamcorper venenatis, neque est tempor metus, a ultricies sapien ex a turpis. Nulla pharetra sem metus, id consectetur elit sodales ac. Nam ac libero id orci rutrum tristique.\r\n\r\nCras eget aliquet felis, eget aliquet libero. Vestibulum ante ipsum primis in faucibus orci luctus et ultrices posuere cubilia curae; Suspendisse sit amet lorem luctus, congue turpis sit amet, malesuada ligula. Sed finibus purus velit, eget dapibus risus vulputate eu. Quisque bibendum tempor risus nec faucibus. Cras pulvinar velit a ante semper, pellentesque tincidunt ante ultrices. Sed ultrices blandit mattis. Vestibulum eget fringilla elit.\r\n\r\nDonec lacus libero, volutpat nec cursus ac, faucibus rutrum neque. Nulla tincidunt ornare faucibus. Integer fringilla eros eget felis consequat mattis. Aenean a nunc tristique, congue purus sed, fringilla metus. Vivamus consequat magna ut consectetur dictum. Duis eget orci ante. Praesent nec dolor nec neque fringilla malesuada ac ac elit. In dui enim, iaculis a felis rutrum, commodo pretium elit. Nulla posuere auctor dolor, et pretium arcu auctor in. Morbi condimentum vestibulum urna, quis fermentum augue pretium eu.', 'Lorem ipsum dolor sit amet, consectetur adipiscing elit. Nulla rutrum scelerisque mattis. Nullam mattis nec justo sed faucibus. Aliquam sodales faucibus metus eget dictum. Nulla aliquet, ipsum vitae vehicula finibus, mauris sapien hendrerit nulla, quis convallis felis ex sit amet eros. Maecenas mattis nisi vel massa vulputate accumsan. Quisque ut nulla nunc. Nulla leo justo, sollicitudin vel quam eu, bibendum efficitur orci. Praesent gravida, metus a ullamcorper venenatis, neque est tempor metus, a ultricies sapien ex a turpis. Nulla pharetra sem metus, id consectetur elit sodales ac. Nam ac libero id orci rutrum tristique.\r\n\r\nCras eget aliquet felis, eget aliquet libero. Vestibulum ante ipsum primis in faucibus orci luctus et ultrices posuere cubilia curae; Suspendisse sit amet lorem luctus, congue turpis sit amet, malesuada ligula. Sed finibus purus velit, eget dapibus risus vulputate eu. Quisque bibendum tempor risus nec faucibus. Cras pulvinar velit a ante semper, pellentesque tincidunt ante ultrices. Sed ultrices blandit mattis. Vestibulum eget fringilla elit.\r\n\r\nDonec lacus libero, volutpat nec cursus ac, faucibus rutrum neque. Nulla tincidunt ornare faucibus. Integer fringilla eros eget felis consequat mattis. Aenean a nunc tristique, congue purus sed, fringilla metus. Vivamus consequat magna ut consectetur dictum. Duis eget orci ante. Praesent nec dolor nec neque fringilla malesuada ac ac elit. In dui enim, iaculis a felis rutrum, commodo pretium elit. Nulla posuere auctor dolor, et pretium arcu auctor in. Morbi condimentum vestibulum urna, quis fermentum augue pretium eu.', 'assets/images/443648.jpg', 'assets/images/667982.jpg', '2021-10-18 14:39:09'),
(98, 11, 'Title 20', 'Lorem ipsum dolor sit amet, consectetur adipiscing elit. Nulla rutrum scelerisque mattis. Nullam mattis nec justo sed faucibus. Aliquam sodales faucibus metus eget dictum. Nulla aliquet, ipsum vitae vehicula finibus, mauris sapien hendrerit nulla, quis convallis felis ex sit amet eros. Maecenas mattis nisi vel massa vulputate accumsan. Quisque ut nulla nunc. Nulla leo justo, sollicitudin vel quam eu, bibendum efficitur orci. Praesent gravida, metus a ullamcorper venenatis, neque est tempor metus, a ultricies sapien ex a turpis. Nulla pharetra sem metus, id consectetur elit sodales ac. Nam ac libero id orci rutrum tristique.\r\n\r\nCras eget aliquet felis, eget aliquet libero. Vestibulum ante ipsum primis in faucibus orci luctus et ultrices posuere cubilia curae; Suspendisse sit amet lorem luctus, congue turpis sit amet, malesuada ligula. Sed finibus purus velit, eget dapibus risus vulputate eu. Quisque bibendum tempor risus nec faucibus. Cras pulvinar velit a ante semper, pellentesque tincidunt ante ultrices. Sed ultrices blandit mattis. Vestibulum eget fringilla elit.\r\n\r\nDonec lacus libero, volutpat nec cursus ac, faucibus rutrum neque. Nulla tincidunt ornare faucibus. Integer fringilla eros eget felis consequat mattis. Aenean a nunc tristique, congue purus sed, fringilla metus. Vivamus consequat magna ut consectetur dictum. Duis eget orci ante. Praesent nec dolor nec neque fringilla malesuada ac ac elit. In dui enim, iaculis a felis rutrum, commodo pretium elit. Nulla posuere auctor dolor, et pretium arcu auctor in. Morbi condimentum vestibulum urna, quis fermentum augue pretium eu.', 'Lorem ipsum dolor sit amet, consectetur adipiscing elit. Nulla rutrum scelerisque mattis. Nullam mattis nec justo sed faucibus. Aliquam sodales faucibus metus eget dictum. Nulla aliquet, ipsum vitae vehicula finibus, mauris sapien hendrerit nulla, quis convallis felis ex sit amet eros. Maecenas mattis nisi vel massa vulputate accumsan. Quisque ut nulla nunc. Nulla leo justo, sollicitudin vel quam eu, bibendum efficitur orci. Praesent gravida, metus a ullamcorper venenatis, neque est tempor metus, a ultricies sapien ex a turpis. Nulla pharetra sem metus, id consectetur elit sodales ac. Nam ac libero id orci rutrum tristique.\r\n\r\nCras eget aliquet felis, eget aliquet libero. Vestibulum ante ipsum primis in faucibus orci luctus et ultrices posuere cubilia curae; Suspendisse sit amet lorem luctus, congue turpis sit amet, malesuada ligula. Sed finibus purus velit, eget dapibus risus vulputate eu. Quisque bibendum tempor risus nec faucibus. Cras pulvinar velit a ante semper, pellentesque tincidunt ante ultrices. Sed ultrices blandit mattis. Vestibulum eget fringilla elit.\r\n\r\nDonec lacus libero, volutpat nec cursus ac, faucibus rutrum neque. Nulla tincidunt ornare faucibus. Integer fringilla eros eget felis consequat mattis. Aenean a nunc tristique, congue purus sed, fringilla metus. Vivamus consequat magna ut consectetur dictum. Duis eget orci ante. Praesent nec dolor nec neque fringilla malesuada ac ac elit. In dui enim, iaculis a felis rutrum, commodo pretium elit. Nulla posuere auctor dolor, et pretium arcu auctor in. Morbi condimentum vestibulum urna, quis fermentum augue pretium eu.', 'assets/images/78579.jpg', 'assets/images/38437.jpg', '2021-10-18 14:39:28'),
(99, 10, 'Title21', 'Lorem ipsum dolor sit amet, consectetur adipiscing elit. Nulla rutrum scelerisque mattis. Nullam mattis nec justo sed faucibus. Aliquam sodales faucibus metus eget dictum. Nulla aliquet, ipsum vitae vehicula finibus, mauris sapien hendrerit nulla, quis convallis felis ex sit amet eros. Maecenas mattis nisi vel massa vulputate accumsan. Quisque ut nulla nunc. Nulla leo justo, sollicitudin vel quam eu, bibendum efficitur orci. Praesent gravida, metus a ullamcorper venenatis, neque est tempor metus, a ultricies sapien ex a turpis. Nulla pharetra sem metus, id consectetur elit sodales ac. Nam ac libero id orci rutrum tristique.\r\n\r\nCras eget aliquet felis, eget aliquet libero. Vestibulum ante ipsum primis in faucibus orci luctus et ultrices posuere cubilia curae; Suspendisse sit amet lorem luctus, congue turpis sit amet, malesuada ligula. Sed finibus purus velit, eget dapibus risus vulputate eu. Quisque bibendum tempor risus nec faucibus. Cras pulvinar velit a ante semper, pellentesque tincidunt ante ultrices. Sed ultrices blandit mattis. Vestibulum eget fringilla elit.\r\n\r\nDonec lacus libero, volutpat nec cursus ac, faucibus rutrum neque. Nulla tincidunt ornare faucibus. Integer fringilla eros eget felis consequat mattis. Aenean a nunc tristique, congue purus sed, fringilla metus. Vivamus consequat magna ut consectetur dictum. Duis eget orci ante. Praesent nec dolor nec neque fringilla malesuada ac ac elit. In dui enim, iaculis a felis rutrum, commodo pretium elit. Nulla posuere auctor dolor, et pretium arcu auctor in. Morbi condimentum vestibulum urna, quis fermentum augue pretium eu.', 'Lorem ipsum dolor sit amet, consectetur adipiscing elit. Nulla rutrum scelerisque mattis. Nullam mattis nec justo sed faucibus. Aliquam sodales faucibus metus eget dictum. Nulla aliquet, ipsum vitae vehicula finibus, mauris sapien hendrerit nulla, quis convallis felis ex sit amet eros. Maecenas mattis nisi vel massa vulputate accumsan. Quisque ut nulla nunc. Nulla leo justo, sollicitudin vel quam eu, bibendum efficitur orci. Praesent gravida, metus a ullamcorper venenatis, neque est tempor metus, a ultricies sapien ex a turpis. Nulla pharetra sem metus, id consectetur elit sodales ac. Nam ac libero id orci rutrum tristique.\r\n\r\nCras eget aliquet felis, eget aliquet libero. Vestibulum ante ipsum primis in faucibus orci luctus et ultrices posuere cubilia curae; Suspendisse sit amet lorem luctus, congue turpis sit amet, malesuada ligula. Sed finibus purus velit, eget dapibus risus vulputate eu. Quisque bibendum tempor risus nec faucibus. Cras pulvinar velit a ante semper, pellentesque tincidunt ante ultrices. Sed ultrices blandit mattis. Vestibulum eget fringilla elit.\r\n\r\nDonec lacus libero, volutpat nec cursus ac, faucibus rutrum neque. Nulla tincidunt ornare faucibus. Integer fringilla eros eget felis consequat mattis. Aenean a nunc tristique, congue purus sed, fringilla metus. Vivamus consequat magna ut consectetur dictum. Duis eget orci ante. Praesent nec dolor nec neque fringilla malesuada ac ac elit. In dui enim, iaculis a felis rutrum, commodo pretium elit. Nulla posuere auctor dolor, et pretium arcu auctor in. Morbi condimentum vestibulum urna, quis fermentum augue pretium eu.', 'assets/images/959328.jpg', 'assets/images/769700.jpg', '2021-10-18 14:39:46');

-- --------------------------------------------------------

--
-- Структура таблиці `sessions`
--

CREATE TABLE `sessions` (
  `id_session` int(10) UNSIGNED NOT NULL,
  `id_user` int(10) UNSIGNED NOT NULL,
  `token` varchar(128) NOT NULL,
  `dt_add` timestamp NOT NULL DEFAULT current_timestamp()
) ENGINE=InnoDB DEFAULT CHARSET=utf8mb4;

--
-- Дамп даних таблиці `sessions`
--

INSERT INTO `sessions` (`id_session`, `id_user`, `token`, `dt_add`) VALUES
(63, 1, '34855a88beed65de7f4897f67757268ba4ae971500eb0cb86460a09ba41ceef73d9381f486dce9ffd6460ec59cb3dc5dc2063fab6090ebccc6f6afce28b33a05', '2021-10-02 15:17:20'),
(64, 1, 'fd7fa5a87438eafff81e64c250c452607b3485ae06b0cbcb561e90ab13567cc43ee135579c58eed1e739dadda264e92455ab585507b56a58221b668af62b80c9', '2021-10-05 17:39:00'),
(65, 1, 'f3ad4e4e1a8ac54f1206e981f7ee389edab66796c1d4d9fba8e68ecdf63cafa9aaba87c5712224e9fed2fddb1ca742f278c8cfce414123513456dbbb3689e28a', '2021-10-07 09:14:47'),
(66, 1, 'edd30528da108d90db4e40ea4a7d19d4f962ed7c0c3fc824fe98417f3740972f589f39427d09617ecd9dbddf31672bea3add322124a3e20f4a29e52402253d9d', '2021-10-07 09:25:50'),
(67, 1, 'f0961722b62e044df98f5e83e9aefd7678354793a3fd5b805814332201dea9cb35d42b4ced16eb89b69ed57355479019ab3a92930e269f0adb4fd6f616c59459', '2021-10-07 09:27:26'),
(68, 1, '88dc41fb1536ba4af28db8625c01bb11a316aac9955991f2ee3232d607937cb19c4ef8cb7bc5a6ede81fc67f26dc5498cf655a8bc85e840605bfeb39acdb49f5', '2021-10-07 09:30:28'),
(69, 1, 'e4d6f9203b6eb6bd62f6531521b50d4f391fc9276d7325510887a60dac383654a17c0e59915faeacc0a0edd487ed2025a8c5e86a71c8b83c5a029220cad10ef3', '2021-10-07 09:32:48'),
(70, 1, '781463ae8c75f1e75e9afca723725f2ba7b037e8b082565748d6ecbf95a14547a2ca2342444d645221ae86795e0aae04763cf85854a30e6d6b5bb71a44a13b4a', '2021-10-07 09:35:51'),
(71, 1, 'd6813e5133033548f5b402c02bdef37180bc6413ac072dd426907668fc7feb82b7f754c99548deb49f1cac0446f749cb17c6395c1a394db2f099837544406846', '2021-10-07 09:36:24'),
(72, 1, 'e276f9f5b35d3fd626a6f6caaef3eb1b4f2913573a3adc5a7335ddf5ed8a416643be05d5b953991c2e42cc8de7fd89bf0bfbf4fbe721a91629ba96fa32184f98', '2021-10-07 09:44:04'),
(73, 1, '7975a22a8e90cbf72591989f768bf87811d8b7ec0b50d1066a007a3de5b2ea2a2c57fd7558b9bffac57fa39911ec7eeda11552d8d3ca152b851a452a27b46d95', '2021-10-07 09:45:46'),
(74, 1, '909ec9d58b02ebd7ce14abc65212bedf2ef69989fbcd758b1afd345e26fda8acdc8fc77e27ef1595d88478038b35ea3b7e4f99ec81c2f8da21a04c3913525d59', '2021-10-07 09:51:49'),
(75, 1, 'b8ffbaa79531d8ca07f53cfb1deff933fb71cf90488fda4af92ccbb3ecfb78cdbbf16498a9fab8dccf8274dabec7cdf9fc01b31730bab92b0892e63e4defa73f', '2021-10-07 09:56:20'),
(76, 1, '1bd7dd384b84f0f66297fc49af9c3cbc773988028be977125233209fef99821f1cd518d7e3199be25b9cb3d02a25fb0a444cf3bfce042c953cb850f0e64d9738', '2021-10-07 10:02:01'),
(77, 1, 'aada3f554d62f04bee434f41e161037b6996b890fee2deab9f20f5a4d6669293d75d39bd097c70adb7501dba88067f8941ae9d69459f8fd08e24393b07f00123', '2021-10-07 10:10:25'),
(78, 1, '3ebeec0cbf06c0913ccd9f1fa19190a19fb3e64bb4eca9e38c75e1bc86cbbf622749911bb6cad338b2f3154beb1d9b1488e7e8b00817c2a7fd84ce4a998b499e', '2021-10-07 10:12:37'),
(79, 1, 'dc60ce7f8a66faea77124914e8ef38b02ab9b286bedeaee336ac453c68de0603e2ebce1cc872e89dd0e6ba47be9b43615f5cf117258fff99030d55820c4c1ecb', '2021-10-07 10:23:53'),
(80, 1, '64657c345f332f7ff85edd6ecdcb33943465ae375c4cf3c9fbf5208d6f13e41bbb5a80f7df1b2e3a74d3a34873c375dce24edddfba6bcf73e64bc7c5631fb7c0', '2021-10-07 10:25:10'),
(81, 1, '72f306b4ee7f72eea2ed9e1b6dcc673bbd502a35b4c0712436cb1c98ecd5678656472217091eec1fa140ecc459954b1fce288a8c1f3b534c225e0f694f16593b', '2021-10-07 10:32:44'),
(82, 1, '4c18368be25ccc1083620f07d16d2ed4eada354a5eb33ea29d54ba60be0c77833554a994bd1ad2062631bbc539f4f3673b305bcac5da8a7599694ea3fed148ca', '2021-10-07 10:38:36'),
(83, 1, 'f9781a6739bbca308b4beab040788e455ff698d2dfdf2f3bf9e22c10e93dedcf1514688b8b43bef0748beedd84cc44b92277407845e34e7f34bbde24d45926d2', '2021-10-07 10:39:14'),
(84, 1, '96a773beb4b0a1320a8f0b11d7d4f518bb1a3fd23531306f5041f54b29137da703e20882d40ba5b25b62a2473361c3346971cc936d7ccfb442d4acf82f0eb44e', '2021-10-07 10:47:46'),
(85, 1, 'cdc7690edd7a536f1d4347b268f7c8c47f9be9384dbf1a5ad927dd361f53f5a1a908dfb1bd48177b16dd9f4292b6b9f89c0585426ac3b9f8de3f1b8dcb55f1d2', '2021-10-07 10:48:01'),
(86, 1, '2608a27c95ec5a41d3c592a4e009792f596f30314c34b95f7a5d71d7835cccbe8145494ac3e4570a87652669a8410516561136448499e96c122e9ebc429d66c7', '2021-10-07 10:59:27'),
(87, 1, 'f8fa120cab9da5248506a84fa8030984a5719383e7ddede03ab49dc574e0f31ca945f2bd7e9598c6b126271029f37ef5e8c7b9eeb167a9e3e60dfe857e67d3cf', '2021-10-07 11:06:45'),
(88, 1, '82bc7115fa9c005088efcbb9bc1abc14b93ee6ef3be0e57b17d3cd1582e6e25e154db993abe63dfde5a656c41b5723bf179ba1de7c8debf807dd657e14c52eaa', '2021-10-07 11:07:58'),
(89, 1, '24c152d8ccd5b02a7553746b0f0eecb9970671e04f25eb21c26dfefeb720c47d95f536248a2ca863231b32667cc283673921a067ac83960cece03e34976cc15a', '2021-10-07 11:14:07'),
(90, 1, '4d8775f899f750ee08261db038a22a1ffa2462d00b688a8a35d8e3cf5f4262101b2a6eb91e6de3397d3414758d011ab6673051817cc287e037a582b71184d0af', '2021-10-07 11:15:36'),
(91, 1, '1465a2316205ab72b63c65966b14719cf6657ff99eb4089dc85643eac99848a0a73188aede259ca757313de48b94e2678381a29c868befe0e009232737da7051', '2021-10-07 15:24:48'),
(92, 1, '282fb1dfafeaa71880aa708d51c79e50fd9473393f8e72cb23b8cf00edbe91f1b4ba391c42dafda031af63ee2afc43e744c4d3f2daac401d296e139878374198', '2021-10-07 15:48:38'),
(93, 1, '9a9cc66cdba39cf57e1e1b5a2d530f7d35a0a79eb1f6ca2a562be20c7312aa418efdb2f6e9828163502a08f43566d9698a3a8603a0d217bef5fba8f223d77baf', '2021-10-07 15:49:09'),
(94, 5, '4f121e307ef0d0dc359af0cc739939823c56f2014feb87b15ea1770f62cc4a108552c62da37d96bc8af6689755c2698e60f64024424654a6fd7cebcfa024b818', '2021-10-07 16:08:28'),
(95, 6, 'f63535d111d387a78fb772207cb87d8f916ad7f7af008ec7226e65a766b39b0344371e653422415628f4496fc62ff4a2c6811e6893d7b498360359f2bc11bb29', '2021-10-07 16:22:45'),
(96, 6, '7e59a06d312ddc0ceb9307095520908470b9992028ff68292c9e4e2882eeff65ffec9b1fa689f5a332e855b29b97e381c5978db68f3f7f8a85286c48ec8c8e48', '2021-10-07 16:23:19'),
(97, 6, 'df900472da66d7e367b7abe16ee05c2272e18b29075aa51682f18c67fb6afb13471ea957a20c7d5976ebc16d7d0c5d362966f559b99dd59b55e360a560e692a1', '2021-10-07 16:23:39'),
(98, 6, 'c7261062c9654cb626ff1e49c6db978d5b38df03e31ca3fbf8f36fa9723b8ea176a89188c68b6da9ee14b71b700627bf52c3a74be0a5ea1bffe5ea08b42e57d5', '2021-10-07 16:54:13'),
(99, 6, '3410db9d905b395dc41ae83babf865a56f61c6c4ef9e53b9c119a2e5dc2ed81499928ad98bb15c4d6362f2feb86d08087cfd27eb797cbcbdcdcca38f52b20db3', '2021-10-07 18:01:59'),
(100, 6, 'e039ea7a0c7ec2548687ff700bc2c91b8f53f3939ad222467fb3b550bee51574b0dead481bc9f2f17168926fcfc62ea3897a593a9f3d322ff3a03d5949a12ad3', '2021-10-07 18:06:24'),
(101, 6, '179d6f537cbf117e774b3586120e88af84bb67766c0f5a76833986c1b19c5dfb27ee2582032af61b39d876d5e6331a3e0b670750d65790835d3f7b1c9f02000a', '2021-10-07 18:07:44'),
(102, 6, 'da69c62e6ceca3b9dc4cbc398d7139adfd5924c9f3ff9a8f4fdbcbaa832dac13829432ed2f0840060dab71e4ed10af472d87159e164b57cd9270b3ee159ff880', '2021-10-07 18:09:14'),
(103, 6, 'c34e55de553003bcecdeab86430fde9660f9a5d4faf03cd3755ccaf596c0d3d91c02895b651c264eb29c697de81aa2d816983e8664ad6383af12c2de5621ae85', '2021-10-07 18:12:01'),
(104, 6, 'a5f6f85b82558eca99ac5203d4fab2b89458c2b0c7d1f4bea331812cc62762fde8611925adf026eb6d98b6694c4227e01ffc2caf931c6774e86ad2bb2a1dba78', '2021-10-07 18:14:34'),
(105, 6, '0e76687130dd22a4d7da06f79ab671f6dd9421dd8624aecee7063be3b0ebf6c5e15c27719dc793d67acd355bffcf769d8d1bbbb8c62f2ed78055d45105cd3944', '2021-10-07 18:16:09'),
(106, 6, '9af851c22f22d148b1fb2f57c55691e2194b8af354fa00c7ac4c0b109bbc8b4286dfa3e93c09523ec09bc6c55c5e699130a78e7677dcb561a83f40a4ba445dcf', '2021-10-07 18:16:48'),
(107, 6, '1675c935a2a029968bcf48db21a3d35e9d433eaaa980e576d21f1a5691577c89457ac0aa7725bd8794769ee3034f0bffddf693c1ed9540e0e072a91155f5aa78', '2021-10-07 18:22:21'),
(108, 6, '1d414db57ead0e2eb99286d4863d317f977906b071ea2a6d06b37e73c8115a18d37ae6e04875c4ce2305dbfd9759194f686adcac54f51c99f0aa10cf4a75b7ed', '2021-10-07 18:35:44'),
(109, 6, '141381cdbdf8883bcfffa57a1b73beba13982fee0d183c158a468e92f7ad43647b88b34be46afb44ed39fba73f8032ef7a9fc1c6b8e34c9d9c415ffc102ce3f4', '2021-10-07 19:15:45'),
(110, 6, '27e1de2ef6f624fe45b944968cea35d957bb29b3547e89ff85a35283d9988ea0ce05000a619ec5643bf9996d4823c8311d41260be2bf84234bd0d1bb263ba35a', '2021-10-08 18:07:44'),
(111, 6, 'ffc30d112ec2e77ce4af7dd7004609f00f5b2cc1aee2f215dc535619f126331e5cec20f0b2b9816e0491432857933503f71022a0217916e39102946d4a7d20be', '2021-10-08 18:11:33'),
(112, 6, 'aec93322ab937924e8a7374591f5ee7b5e01c9b8bd7eb95c2ec76fc131b82a675098e8e58ea29e52690d3c1da397aca303569c9e006c866f4a39f0de5668b6c5', '2021-10-08 18:11:59'),
(113, 6, '8997d7ccac00ff8029c92f6f3c0f0edea823fe8787fbb6bc0234e693cc84511fb15417a62108f5d2cc8d3c568e975eecdcb6f7670c668c26ba4dce52ce26df5d', '2021-10-08 18:15:58'),
(114, 6, '124a0b01a4da95873438cd18429a8943af3c78785a6643a3f6b1efa6ef4f75cd31c1e493fbec7037b0539444f2e4028d64d1a359d9c706d5abb37037e977ef60', '2021-10-08 18:28:16'),
(115, 19, '380af0a8d0f087a2c9aa603fb04b5a83e0670d5785fec76683d1b65c0ae7fbf27f2e31c4a1dc8982806a37575cede9fe6ee199f5a3dc0ac161abb56f58bd8c15', '2021-10-08 18:32:47'),
(116, 6, '473cbc41df5c7a6655605ebb80e36400d369e1a58066e925ae968a74f1b5a071d06bc77389d7bcbabe7fda3a8c6134d1ccf107b8467c4e21e66257a116ca1c82', '2021-10-08 18:38:51'),
(117, 6, 'cbeac9cb3202450fe0301b5f39e47927e47dd8490c65af421e6a6fddc2a5b9d1101895b15e792aec8fd64617b95eff1c296aeb61fe548711d13ec4f3da9dc5dd', '2021-10-08 18:52:41'),
(118, 6, '1a1ffff21e70953c60d2309442292ddfbffc7ac0a3f41b7e1c1800b7adec06884c853980823205fa156e5cd0cf02d1aa7e82e49d0154fce981423e7f8b221cd0', '2021-10-08 18:56:12'),
(119, 20, 'dbe4d616596e1db3631d9807ed8b52a0177b6ec819ffae7c14aff583dd7597baffee058f96c0c54a13133d7ade6c8356f4ca11703ed6bf689ad0402927c0d899', '2021-10-08 19:01:10'),
(120, 6, '099f604988838c2a9180aa2150e93e65f83a37a123436d6e24f9839fa364c9ffc2dc42317654a476805fda7e63c873c28f5bcad3a82ea6509ad4680cbe17f9b7', '2021-10-09 08:04:33'),
(121, 6, '196acf2cb840071d133ff31dd6a302fa69c567abcc8741e61f1dea9f36439f302e9eb2beb910563e34aa67aaac63444f7156d89697cbb6101dc9c84dfe682a78', '2021-10-09 08:08:01'),
(122, 6, 'fecc5d5f22fe85d77548de03783f454dff13df1a03cd1e9c1b419e34580868a2a918b2a1dca402c5c5c4e6172a7b738dbec27a474a62f7bb46dd1193d1a2eccf', '2021-10-09 08:08:12'),
(123, 20, '6f93b544ac0dedcd1cbcb86eca2ba3ba5e022f193004631bf1302ca4cd297b2bc7321df3b689a19e94c5a5f88cbdc1ce40d9b6fa947a45476cfce767e0da75ec', '2021-10-14 10:09:29'),
(124, 20, '2c99cc09d8a67568b3b8ce8ef8d8a295e8130c08fcf016caf89b8b6a7e4d6ff13dee93f23ebd585ac7fdb1b772a70cc168b65919ff41fc2e1ecb8fc5b941dd07', '2021-10-14 10:14:14'),
(125, 20, 'fe961e51a86dba8d606653169a254e564f7b093e3f235fc4133e86935411baba983bcd2f69bfdba254d3ebd62befa90dc08af7f608d0d0951a0d682ad1e6032f', '2021-10-14 10:14:41'),
(126, 6, '9f27be92bc4fbb2bae138907acd6da58fb35d182450dbfb91aa5d9fe72c65f2b2224bcb537ac878dd9270ff6add15ca1029e580cfe5011b7ea7374b5b79acf27', '2021-10-14 10:19:17'),
(127, 20, '85a638ecd04c6fa96cbaa41ad253b240e3f45621e7d22d5f8b0329ed397a8f79451b2f7458f3ed0ecd8cbc16d086b020c2e0003fcb207bf540cb2612ab87386d', '2021-10-14 10:19:23'),
(128, 20, 'c9101757c6d5ca8cce3d9ba72d8f4e15c28045177e12c1a495148942f47fbc244a344334ad27f8b994a8c1d913671ccad8825210a729b93efd3f3964d4264027', '2021-10-14 10:24:00'),
(129, 6, 'dd26e78359847866716dbc9038779c5284130959907520e794ff49e493a5c0d84f2b07d8e35fdef0d922d2e3b7f3b4581adc5ed47ebb03245c88c7c708938ed6', '2021-10-14 10:32:38'),
(130, 20, '3865229138d2b9ca52b45774de27ee641b7fdada8df46fce6aedd0e36831c0b2e0b1005546bd46b8b0b147a2842ea4e327f61df2aaa15f7ad82d053f68a5c60a', '2021-10-14 10:32:50'),
(131, 6, 'e9f56430a732e193e66383b6633eeeaee26741c9871f90f1681d05d94779422d45c768ff5c66ab64b1f012c70bd3cb6a12d471b4b7d1c812792129c031ae2f35', '2021-10-14 10:36:10'),
(132, 20, '804b666c13957ce68ba7b031d596b90a0b1fa25d31ff534744331234e2ebf4f3edc3964ef7e127f678f7b1d9aa001c572690342f19f030f2b642b3918ec23213', '2021-10-14 10:36:32'),
(133, 20, '8bca6a59bbd2c3ebde18d593bf2b4b8873b744cdf1f0dbfd7bba0fefd586dd3b8ed3e4133006ebb3185c9b9f11bd9f34eb81b0eb35d838bcce233e1999b1dafc', '2021-10-14 15:26:49'),
(134, 20, '677ada7f0ba44d996472d3e70182ccbb87bbe1e06614196615dd3203f51f5c38a11664814d37f690a5db8e7c40d1f5692326d41f659dbfaf551d50acd810be04', '2021-10-14 16:34:14'),
(135, 20, '4db2817f48b477b1d6aac5aea569792fd4da1f71de8ae7089694772237251d9be1ef50b335438e5b7c2fa376df3c30f04a446e8fab5fe1c1f736a5dbbb699e29', '2021-10-14 16:45:33'),
(136, 20, 'd9012788f0a9b7e43feb2398009654c34fd98f5eb16c0c9667b641729f5f4534e5eb07fea83151dad2d4aa2206011bbe44dcd524d1b0a5be947cc26dd0d84cc1', '2021-10-14 16:45:59'),
(137, 6, '557d1b4ffc0486b71f8dcf2553a96f9928bb9310094bb7d82b9db42a88d85c8f6233f9419152e2260bf44c383f051dffdc0e3de15aabc7bf1715cf7991e3db68', '2021-10-14 18:30:31'),
(138, 20, '4fbe298bfb92450514dc5450a3ad8c3e5644d316b128a2d41d4b50f6a565ef54bffd7a32d1df40b40dd8172336c16c27c59cf82322523e985d08e4d1fcf07e61', '2021-10-14 18:31:44'),
(139, 6, 'acd64c166211621ab1af8d54e05d999c1336e80b9f6d7cc9d50a8cf2c8755aabdca8afda0dfe0903328c7443cc5739d78f48bc56e956bc77730bdbc3bcce6fe3', '2021-10-14 18:37:05'),
(140, 20, '145266a55dd2bf18aa2f896d21bfbff1bc066435d78925fafbf25897f388b7c1708482896bde36e90880fb84f09f5a8ad2bb632ba270c584d913719f2244bdcf', '2021-10-14 18:39:40'),
(141, 6, 'c54d6fb414f895536fa723b326e11f6941081421976fcd3a0bb8a711eb64edb6a55266fbed199d4efbe12d1e5eb6abb32ccf7c5bf6c60d348bd24ff5221098aa', '2021-10-14 18:53:58'),
(142, 20, 'a225963ca52c567aadc17fd85aab65012ea93c7024524cd0ac3931a5d2a52bdbf468ef1adfaaafc6fd497496b3d0ae872b44b8b675e998c6aa8dd4cd5595d67b', '2021-10-14 18:54:23'),
(143, 6, '4dd2c59216e60e1b41616564f35b08bcbc2168a0790bf0d562b09d6b678026acc5873488b875c6e44a02dd6117ba0e4b59d00708e8d7ff03082f044f6f68a256', '2021-10-14 18:56:04'),
(144, 20, 'bda4505fc4ec9aa43dc669fe5ef5d1bfde1650f41040415f20390971eccba1137f2b01866ddf1a3326693d4668218bb536a88b6150a86f656f3b89eacf1ab15f', '2021-10-14 19:00:20'),
(145, 21, '3920f44564faac25f93dd8bdc629743751322bb52a40bfed85ec2ecd94a0d05c0a60cf6a05014acd0c81620750734d93cbf40e34398573f2e1f44f3c8037fc32', '2021-10-14 19:04:24'),
(146, 6, 'eea75eba82e81590955b57eea28feb78496fff9f112908b303bc036f60491d8932d0d17d8812cdeed1671c66a5894a146152b55b3af94e9bded422d4aa1d2b0f', '2021-10-15 08:16:41'),
(147, 20, 'cd7ee9412b06548e992a137cb0b1de415fc6563f63f70abfcde6273cd36363f278372d0f2a78a474897db095e199fed36c26de6c3f0114ff6a9b50031e955508', '2021-10-15 08:27:23'),
(148, 20, 'd7a8434410f16dfd0977372b98d0297e4464790d3e23a9c55c6fa73a268ef4efb3fe83f1f5e72cb604a87fee777e8e4902b5b350d123805147855e621a5dfb10', '2021-10-18 14:09:40'),
(149, 6, '06d8648343248eca963d7bc4da64a00dbf1265385f0a059fa8b888f7f14d29f2b6695538219f4da3669ab946c22087c3b32ca4e58da8d0dfa1751634db9c9d09', '2021-10-18 14:40:53');

-- --------------------------------------------------------

--
-- Структура таблиці `users`
--

CREATE TABLE `users` (
  `id_user` int(10) UNSIGNED NOT NULL,
  `login` varchar(128) NOT NULL,
  `password` varchar(256) NOT NULL,
  `admin_status` tinyint(1) NOT NULL DEFAULT 0
) ENGINE=InnoDB DEFAULT CHARSET=utf8mb4;

--
-- Дамп даних таблиці `users`
--

INSERT INTO `users` (`id_user`, `login`, `password`, `admin_status`) VALUES
(6, 'VasyaTopalo', '$2y$10$.I6dXpIP58emBfDgJBrU1.HHTcEzg0BNiMYNiDW7Dh5rRLTPuH/TG', 0),
(20, 'admin', '$2y$10$NMfPlUWFlkdmsYqxQ4uTVepvaCkhtTrNvqo036I7chS9r/1egClSW', 1),
(21, 'topalo', '$2y$10$vgfBtR8fEGYytGl7n4dGaeIqATXHpPJk89JTssngbK8NG4Z0Lgt66', 0);

--
-- Індекси збережених таблиць
--

--
-- Індекси таблиці `categories`
--
ALTER TABLE `categories`
  ADD PRIMARY KEY (`id_category`);

--
-- Індекси таблиці `comments`
--
ALTER TABLE `comments`
  ADD PRIMARY KEY (`id_comment`);

--
-- Індекси таблиці `emails`
--
ALTER TABLE `emails`
  ADD PRIMARY KEY (`email`);

--
-- Індекси таблиці `messages`
--
ALTER TABLE `messages`
  ADD PRIMARY KEY (`id_message`),
  ADD KEY `id_category` (`id_category`);

--
-- Індекси таблиці `sessions`
--
ALTER TABLE `sessions`
  ADD PRIMARY KEY (`id_session`);

--
-- Індекси таблиці `users`
--
ALTER TABLE `users`
  ADD PRIMARY KEY (`id_user`),
  ADD UNIQUE KEY `login` (`login`);

--
-- AUTO_INCREMENT для збережених таблиць
--

--
-- AUTO_INCREMENT для таблиці `categories`
--
ALTER TABLE `categories`
  MODIFY `id_category` int(11) NOT NULL AUTO_INCREMENT, AUTO_INCREMENT=15;

--
-- AUTO_INCREMENT для таблиці `comments`
--
ALTER TABLE `comments`
  MODIFY `id_comment` int(10) UNSIGNED NOT NULL AUTO_INCREMENT, AUTO_INCREMENT=24;

--
-- AUTO_INCREMENT для таблиці `messages`
--
ALTER TABLE `messages`
  MODIFY `id_message` int(11) NOT NULL AUTO_INCREMENT, AUTO_INCREMENT=100;

--
-- AUTO_INCREMENT для таблиці `sessions`
--
ALTER TABLE `sessions`
  MODIFY `id_session` int(10) UNSIGNED NOT NULL AUTO_INCREMENT, AUTO_INCREMENT=150;

--
-- AUTO_INCREMENT для таблиці `users`
--
ALTER TABLE `users`
  MODIFY `id_user` int(10) UNSIGNED NOT NULL AUTO_INCREMENT, AUTO_INCREMENT=23;

--
-- Обмеження зовнішнього ключа збережених таблиць
--

--
-- Обмеження зовнішнього ключа таблиці `messages`
--
ALTER TABLE `messages`
  ADD CONSTRAINT `messages_ibfk_1` FOREIGN KEY (`id_category`) REFERENCES `categories` (`id_category`) ON UPDATE CASCADE;
COMMIT;

/*!40101 SET CHARACTER_SET_CLIENT=@OLD_CHARACTER_SET_CLIENT */;
/*!40101 SET CHARACTER_SET_RESULTS=@OLD_CHARACTER_SET_RESULTS */;
/*!40101 SET COLLATION_CONNECTION=@OLD_COLLATION_CONNECTION */;
